                  epoch,         train/box_loss,         train/cls_loss,         train/dfl_loss,   metrics/precision(B),      metrics/recall(B),       metrics/mAP50(B),    metrics/mAP50-95(B),           val/box_loss,           val/cls_loss,           val/dfl_loss,                 lr/pg0,                 lr/pg1,                 lr/pg2
                      1,                  2.103,                 1.3466,                 1.3052,                0.72591,                0.40178,                0.45138,                0.20017,                  2.099,                 1.2872,                 1.5508,               0.070011,              0.0033321,              0.0033321
                      2,                 1.8975,                 1.1022,                 1.2105,                0.80855,                0.48897,                0.55573,                 0.2592,                 1.9341,                 1.0471,                 1.4513,               0.039681,              0.0063355,              0.0063355
