                  epoch,         train/box_loss,         train/cls_loss,         train/dfl_loss,   metrics/precision(B),      metrics/recall(B),       metrics/mAP50(B),    metrics/mAP50-95(B),           val/box_loss,           val/cls_loss,           val/dfl_loss,                 lr/pg0,                 lr/pg1,                 lr/pg2
                      1,                 2.1414,                 1.4227,                 1.2772,                0.61529,                0.35672,                0.38514,                0.15827,                    nan,                    nan,                    nan,               0.070023,              0.0033308,              0.0033308
                      2,                 1.9726,                 1.1616,                 1.2226,                0.71681,                0.44126,                0.47122,                0.21188,                    nan,                    nan,                    nan,               0.038703,              0.0053447,              0.0053447
                      3,                 1.8514,                 1.0225,                 1.1769,                0.67774,                0.45776,                0.47706,                0.21292,                    nan,                    nan,                    nan,              0.0060636,              0.0060385,              0.0060385
                      4,                 1.7337,                0.91127,                 1.1346,                0.75974,                0.45602,                0.49993,                0.23448,                    nan,                    nan,                    nan,                0.00406,                0.00406,                0.00406
                      5,                 1.6427,                0.83074,                 1.1042,                0.73253,                0.47598,                0.51689,                0.25073,                    nan,                    nan,                    nan,                0.00208,                0.00208,                0.00208
